{"cameraMode":{"drawMode":0,"name":"Shaded","section":"Shading Mode"},"sceneLighting":false,"audioPlay":false,"sceneViewState":{"showFog":true,"showMaterialUpdate":false,"showSkybox":false,"showFlares":true,"showImageEffects":true,"showParticleSystems":true},"in2DMode":false,"pivot":{"x":38.746437072753909,"y":60.6871452331543,"z":13.091888427734375},"rotation":{"x":0.011299424804747105,"y":0.9887014627456665,"z":-0.1056966483592987,"w":0.10569662600755692},"size":146.49578857421876,"orthographic":false}