{"cameraMode":{"drawMode":0,"name":"Shaded","section":"Shading Mode"},"sceneLighting":false,"audioPlay":false,"sceneViewState":{"showFog":true,"showMaterialUpdate":false,"showSkybox":false,"showFlares":true,"showImageEffects":true,"showParticleSystems":true},"in2DMode":false,"pivot":{"x":151.33905029296876,"y":21.66425895690918,"z":924.2886352539063},"rotation":{"x":0.5752352476119995,"y":0.0036809127777814867,"z":-0.0025885654613375665,"w":0.8179762363433838},"size":10.0,"orthographic":false}