{"cameraMode":{"drawMode":0,"name":"Shaded","section":"Shading Mode"},"sceneLighting":false,"audioPlay":false,"sceneViewState":{"showFog":true,"showMaterialUpdate":false,"showSkybox":false,"showFlares":true,"showImageEffects":true,"showParticleSystems":true},"in2DMode":false,"pivot":{"x":5.684573650360107,"y":1.5747778415679932,"z":-0.1623525619506836},"rotation":{"x":0.008974578231573105,"y":0.07492666691541672,"z":-0.000674359267577529,"w":0.9971485733985901},"size":7.140555381774902,"orthographic":false}