{"cameraMode":{"drawMode":0,"name":"Shaded","section":"Shading Mode"},"sceneLighting":true,"audioPlay":false,"sceneViewState":{"showFog":true,"showMaterialUpdate":false,"showSkybox":true,"showFlares":true,"showImageEffects":true,"showParticleSystems":true},"in2DMode":false,"pivot":{"x":333.96661376953127,"y":59.34296798706055,"z":561.5724487304688},"rotation":{"x":0.46720489859580996,"y":0.04770146310329437,"z":-0.02525360882282257,"w":0.8825011253356934},"size":178.5899200439453,"orthographic":false}