{"cameraMode":{"drawMode":0,"name":"Shaded","section":"Shading Mode"},"sceneLighting":true,"audioPlay":false,"sceneViewState":{"showFog":true,"showMaterialUpdate":false,"showSkybox":true,"showFlares":true,"showImageEffects":true,"showParticleSystems":true},"in2DMode":false,"pivot":{"x":112.09920501708985,"y":118.44099426269531,"z":640.6351318359375},"rotation":{"x":0.7060422897338867,"y":0.002124497201293707,"z":-0.002118129748851061,"w":0.7081635594367981},"size":156.82412719726563,"orthographic":false}