{"cameraMode":{"drawMode":0,"name":"Shaded","section":"Shading Mode"},"sceneLighting":true,"audioPlay":false,"sceneViewState":{"showFog":true,"showMaterialUpdate":false,"showSkybox":true,"showFlares":true,"showImageEffects":true,"showParticleSystems":true},"in2DMode":false,"pivot":{"x":182.86178588867188,"y":-54.99427795410156,"z":607.6375122070313},"rotation":{"x":0.27262604236602785,"y":0.2690240442752838,"z":-0.07969499379396439,"w":0.9202999472618103},"size":162.32066345214845,"orthographic":false}