{"cameraMode":{"drawMode":0,"name":"Shaded","section":"Shading Mode"},"sceneLighting":true,"audioPlay":false,"sceneViewState":{"showFog":true,"showMaterialUpdate":false,"showSkybox":true,"showFlares":true,"showImageEffects":true,"showParticleSystems":true},"in2DMode":false,"pivot":{"x":90.5810546875,"y":-30.46875,"z":551.1861572265625},"rotation":{"x":0.7091858983039856,"y":0.007402179297059774,"z":-0.007446726318448782,"w":0.7049435377120972},"size":296.7508239746094,"orthographic":true}