{"cameraMode":{"drawMode":0,"name":"Shaded","section":"Shading Mode"},"sceneLighting":true,"audioPlay":false,"sceneViewState":{"showFog":true,"showMaterialUpdate":false,"showSkybox":true,"showFlares":true,"showImageEffects":true,"showParticleSystems":true},"in2DMode":false,"pivot":{"x":89.70440673828125,"y":17.856250762939454,"z":532.0625},"rotation":{"x":0.2614210546016693,"y":-0.21493670344352723,"z":0.05983133614063263,"w":0.9390978217124939},"size":112.76908111572266,"orthographic":true}