{"cameraMode":{"drawMode":0,"name":"Shaded","section":"Shading Mode"},"sceneLighting":true,"audioPlay":false,"sceneViewState":{"showFog":true,"showMaterialUpdate":false,"showSkybox":true,"showFlares":true,"showImageEffects":true,"showParticleSystems":true},"in2DMode":false,"pivot":{"x":127.03250122070313,"y":-90.70222473144531,"z":715.9246826171875},"rotation":{"x":-0.2244739532470703,"y":-0.057847410440444949,"z":0.013349871151149273,"w":-0.9726712703704834},"size":162.4855194091797,"orthographic":false}