{"cameraMode":{"drawMode":0,"name":"Shaded","section":"Shading Mode"},"sceneLighting":false,"audioPlay":false,"sceneViewState":{"showFog":true,"showMaterialUpdate":false,"showSkybox":false,"showFlares":true,"showImageEffects":true,"showParticleSystems":true},"in2DMode":false,"pivot":{"x":61.49658966064453,"y":31.139163970947267,"z":503.6164245605469},"rotation":{"x":0.15179398655891419,"y":-0.01482351589947939,"z":0.0022893270943313839,"w":0.9883140325546265},"size":0.8660253882408142,"orthographic":true}