{"cameraMode":{"drawMode":0,"name":"Shaded","section":"Shading Mode"},"sceneLighting":false,"audioPlay":false,"sceneViewState":{"showFog":true,"showMaterialUpdate":false,"showSkybox":false,"showFlares":true,"showImageEffects":true,"showParticleSystems":true},"in2DMode":false,"pivot":{"x":65.30000305175781,"y":12.460163116455079,"z":500.0},"rotation":{"x":0.23547029495239259,"y":-0.03934583067893982,"z":0.00955372117459774,"w":0.9710533022880554},"size":5.738345146179199,"orthographic":true}