{"cameraMode":{"drawMode":0,"name":"Shaded","section":"Shading Mode"},"sceneLighting":true,"audioPlay":false,"sceneViewState":{"showFog":true,"showMaterialUpdate":false,"showSkybox":true,"showFlares":true,"showImageEffects":true,"showParticleSystems":true},"in2DMode":false,"pivot":{"x":79.54975128173828,"y":45.422462463378909,"z":642.703857421875},"rotation":{"x":0.5018675923347473,"y":0.022084660828113557,"z":-0.01275634765625,"w":0.8646556735038757},"size":383.82696533203127,"orthographic":true}