{"cameraMode":{"drawMode":0,"name":"Shaded","section":"Shading Mode"},"sceneLighting":true,"audioPlay":false,"sceneViewState":{"showFog":true,"showMaterialUpdate":false,"showSkybox":true,"showFlares":true,"showImageEffects":true,"showParticleSystems":true},"in2DMode":false,"pivot":{"x":51.30937957763672,"y":98.78083801269531,"z":648.9369506835938},"rotation":{"x":0.3857075572013855,"y":0.12534309923648835,"z":-0.05297446623444557,"w":0.9125421047210693},"size":223.88632202148438,"orthographic":true}