{"cameraMode":{"drawMode":0,"name":"Shaded","section":"Shading Mode"},"sceneLighting":true,"audioPlay":false,"sceneViewState":{"showFog":true,"showMaterialUpdate":false,"showSkybox":true,"showFlares":true,"showImageEffects":true,"showParticleSystems":true},"in2DMode":false,"pivot":{"x":103.52289581298828,"y":137.86236572265626,"z":651.40771484375},"rotation":{"x":0.400210976600647,"y":0.02474360726773739,"z":-0.010801305063068867,"w":0.9160458445549011},"size":186.15374755859376,"orthographic":true}