{"cameraMode":{"drawMode":0,"name":"Shaded","section":"Shading Mode"},"sceneLighting":true,"audioPlay":false,"sceneViewState":{"showFog":true,"showMaterialUpdate":false,"showSkybox":true,"showFlares":true,"showImageEffects":true,"showParticleSystems":true},"in2DMode":false,"pivot":{"x":105.75375366210938,"y":93.83331298828125,"z":652.4364013671875},"rotation":{"x":0.36599481105804446,"y":-0.07247944921255112,"z":0.028609566390514375,"w":0.9273584485054016},"size":210.48989868164063,"orthographic":true}