{"cameraMode":{"drawMode":0,"name":"Shaded","section":"Shading Mode"},"sceneLighting":false,"audioPlay":false,"sceneViewState":{"showFog":true,"showMaterialUpdate":false,"showSkybox":false,"showFlares":true,"showImageEffects":true,"showParticleSystems":true},"in2DMode":false,"pivot":{"x":65.30000305175781,"y":12.460164070129395,"z":500.0},"rotation":{"x":0.15179398655891419,"y":-0.01482351589947939,"z":0.0022893270943313839,"w":0.9883140325546265},"size":5.738346099853516,"orthographic":true}