{"cameraMode":{"drawMode":0,"name":"Shaded","section":"Shading Mode"},"sceneLighting":false,"audioPlay":false,"sceneViewState":{"showFog":true,"showMaterialUpdate":false,"showSkybox":false,"showFlares":true,"showImageEffects":true,"showParticleSystems":true},"in2DMode":false,"pivot":{"x":65.30000305175781,"y":12.460164070129395,"z":500.0},"rotation":{"x":0.04410238191485405,"y":-0.4304005205631256,"z":0.02107503078877926,"w":0.901332676410675},"size":5.738346099853516,"orthographic":true}