{"cameraMode":{"drawMode":0,"name":"Shaded","section":"Shading Mode"},"sceneLighting":true,"audioPlay":false,"sceneViewState":{"showFog":true,"showMaterialUpdate":false,"showSkybox":true,"showFlares":true,"showImageEffects":true,"showParticleSystems":true},"in2DMode":false,"pivot":{"x":40.157325744628909,"y":13.414056777954102,"z":506.760986328125},"rotation":{"x":0.400210976600647,"y":0.02474360726773739,"z":-0.010801305063068867,"w":0.9160458445549011},"size":47.31771469116211,"orthographic":true}