{"cameraMode":{"drawMode":0,"name":"Shaded","section":"Shading Mode"},"sceneLighting":true,"audioPlay":false,"sceneViewState":{"showFog":true,"showMaterialUpdate":false,"showSkybox":true,"showFlares":true,"showImageEffects":true,"showParticleSystems":true},"in2DMode":false,"pivot":{"x":200.18017578125,"y":126.46749877929688,"z":567.6515502929688},"rotation":{"x":0.2269638478755951,"y":0.10784895718097687,"z":-0.025286737829446794,"w":0.967597484588623},"size":211.59481811523438,"orthographic":true}